test,large,boy,
James,medium,boy,
CutieFricker,small,girl,
YOU ARE BROWSER WILL REFRESH XD,large,boy,
Gay,small,,
Gay mf,medium,boy,
Fresh GUAC,small,boy,
,small,,
,small,,
benussuccer315,medium,girl,
,,,
lambda,medium,boy,
Eeefufhhghhg,large,boy,
THE l99minaty,medium,boy,
Synthwave Cat,small,boy,
eoin comedic_popcorn ,medium,boy,
,small,,
lamp boye,small,boy,
Becca-Boo,large,girl,
lollo,large,boy,
this is test,small,girl,
thomas,large,boy,
Shey,medium,girl,
Adolf Hitler,medium,boy,
Kermit,small,boy,
Fat Cock,small,boy,
vetet,small,girl,
Dickhead,small,girl,
,,,
perplestuff,,Maybe

perplestuff,,Maybe

perplestuff,,Maybe

test,Nice,No

perplestuff,Okay,Maybe
keep at it fam.

